Date,Year,Month,SumNet
2062-01-01,62,1,4964.173960890049
2062-01-02,62,1,6564.643655814007
2062-01-03,62,1,2380.2548959102555
2062-01-04,62,1,5821.9025043752235
2062-01-05,62,1,5087.047068238171
2062-01-06,62,1,4700.992649534132
2062-01-07,62,1,5091.760776535502
2062-01-08,62,1,3012.4310853991074
2062-01-09,62,1,4780.328112162488
2062-01-10,62,1,5357.112571511747
2062-01-11,62,1,6477.894044741516
2062-01-12,62,1,4481.7297817263525
2062-01-13,62,1,4191.506397106812
2062-01-14,62,1,4498.242956415464
2062-01-15,62,1,5915.402117702074
2062-01-16,62,1,5328.7511096596845
2062-01-17,62,1,4470.239796232961
2062-01-18,62,1,5513.267433113356
2062-01-19,62,1,5097.0775493480405
2062-01-20,62,1,5968.644990532889
2062-01-21,62,1,4297.946906122647
2062-01-22,62,1,4672.337853402232
2062-01-23,62,1,4607.891846867842
2062-01-24,62,1,3536.4850518678813
2062-01-25,62,1,5296.120277064576
2062-01-26,62,1,5261.0552721798895
2062-01-27,62,1,5005.113456642461
2062-01-28,62,1,4765.412866624853
2062-01-29,62,1,3584.6292579495857
2062-01-30,62,1,4579.354677234641
2062-01-31,62,1,4657.285483473231
2062-02-01,62,2,4197.722730778381
2062-02-02,62,2,4838.714288333991
2062-02-03,62,2,5404.050856814539
2062-02-04,62,2,6886.185901210531
2062-02-05,62,2,5174.577812831839
2062-02-06,62,2,5257.550390722764
2062-02-07,62,2,4925.554084233832
2062-02-08,62,2,3081.2287847009584
2062-02-09,62,2,4973.486124550783
2062-02-10,62,2,5060.230209941026
2062-02-11,62,2,7463.242112485286
2062-02-12,62,2,4807.639035218877
2062-02-13,62,2,5301.5473423336125
2062-02-14,62,2,4965.288230294756
2062-02-15,62,2,3831.321962380468
2062-02-16,62,2,6142.822814515021
2062-02-17,62,2,5751.933032686774
2062-02-18,62,2,5791.031947043047
2062-02-19,62,2,4090.612545205261
2062-02-20,62,2,6402.7943109360995
2062-02-21,62,2,3598.1489372077194
2062-02-22,62,2,5586.85709380027
2062-02-23,62,2,7190.455625809978
2062-02-24,62,2,4009.4636748693115
2062-02-25,62,2,4433.702270397228
2062-02-26,62,2,5099.651365087641
2062-02-27,62,2,4496.5243458838
2062-02-28,62,2,3449.336568933867
2062-03-01,62,3,5068.562974806027
2062-03-02,62,3,3937.696286273895
2062-03-03,62,3,5473.592430635182
2062-03-04,62,3,4080.575765766197
2062-03-05,62,3,6549.93440501754
2062-03-06,62,3,4216.746707663763
2062-03-07,62,3,4677.938483794324
2062-03-08,62,3,5813.51721736967
2062-03-09,62,3,3769.1356835660445
2062-03-10,62,3,5227.45993460413
2062-03-11,62,3,6307.142754282428
2062-03-12,62,3,3392.5167654387724
2062-03-13,62,3,5184.633858532305
2062-03-14,62,3,5259.882794248423
2062-03-15,62,3,5781.822871777311
2062-03-16,62,3,3763.0492891219183
2062-03-17,62,3,3679.5433869157237
2062-03-18,62,3,5521.941565616898
2062-03-19,62,3,5296.984673233186
2062-03-20,62,3,5250.492850345877
2062-03-21,62,3,5346.448209496975
2062-03-22,62,3,4319.975278421509
2062-03-23,62,3,5232.253697161003
2062-03-24,62,3,5293.072473298681
2062-03-25,62,3,4285.648581973632
2062-03-26,62,3,6865.774511144757
2062-03-27,62,3,5473.832920911787
2062-03-28,62,3,3808.696502797351
2062-03-29,62,3,5656.55360863383
2062-03-30,62,3,4025.3183297726787
2062-03-31,62,3,5787.084603742452
2062-04-01,62,4,6158.595579007404
2062-04-02,62,4,4179.317681648289
2062-04-03,62,4,5963.376129244321
2062-04-04,62,4,5412.780926936498
2062-04-05,62,4,5822.06015999449
2062-04-06,62,4,6896.792982653948
2062-04-07,62,4,4754.61188399713
2062-04-08,62,4,4246.2638356425105
2062-04-09,62,4,4110.485570374477
2062-04-10,62,4,4184.189715034561
2062-04-11,62,4,4922.898290585896
2062-04-12,62,4,5341.151974816644
2062-04-13,62,4,5276.690799330019
2062-04-14,62,4,5827.183249036024
2062-04-15,62,4,5013.001891877907
2062-04-16,62,4,6453.534077157317
2062-04-17,62,4,4735.343166762044
2062-04-18,62,4,7720.169166589619
2062-04-19,62,4,5625.6673477650065
2062-04-20,62,4,4142.842443583718
2062-04-21,62,4,3929.1075019388877
2062-04-22,62,4,5482.472415243185
2062-04-23,62,4,4776.537214674149
2062-04-24,62,4,5714.000494092092
2062-04-25,62,4,5473.237624573545
2062-04-26,62,4,4927.1710873431275
2062-04-27,62,4,4153.206281931595
2062-04-28,62,4,3485.1527753141354
2062-04-29,62,4,4553.485047932979
2062-04-30,62,4,5856.398794323472
2062-05-01,62,5,5214.093744130204
2062-05-02,62,5,3754.261221288012
2062-05-03,62,5,5173.180925851182
2062-05-04,62,5,5385.317379728836
2062-05-05,62,5,4116.142563798867
2062-05-06,62,5,5153.7251059455275
2062-05-07,62,5,5058.208718446
2062-05-08,62,5,3857.029702169377
2062-05-09,62,5,5357.787360348283
2062-05-10,62,5,5560.784526368235
2062-05-11,62,5,6083.051243175277
2062-05-12,62,5,6053.802052034903
2062-05-13,62,5,3622.330632042909
2062-05-14,62,5,4062.174960084877
2062-05-15,62,5,5515.03526720866
2062-05-16,62,5,5513.785950912209
2062-05-17,62,5,5515.047686306048
2062-05-18,62,5,8852.731490654722
2062-05-19,62,5,5570.890510693167
2062-05-20,62,5,6135.565640180599
2062-05-21,62,5,5954.001763493203
2062-05-22,62,5,5651.3912513057985
2062-05-23,62,5,4684.730755359655
2062-05-24,62,5,5758.969220493267
2062-05-25,62,5,4227.174785462428
2062-05-26,62,5,4763.181393259991
2062-05-27,62,5,4514.6364521708965
2062-05-28,62,5,5081.874139386323
2062-05-29,62,5,7314.658566673508
2062-05-30,62,5,3132.734807408252
2062-05-31,62,5,5686.2601903745135
2062-06-01,62,6,3387.284128810348
2062-06-02,62,6,4528.068134210566
2062-06-03,62,6,6088.950596967366
2062-06-04,62,6,5064.280019095463
2062-06-05,62,6,3922.255222070694
2062-06-06,62,6,4284.696290740032
2062-06-07,62,6,5679.597748934676
2062-06-08,62,6,4269.633368282864
2062-06-09,62,6,5216.458589581975
2062-06-10,62,6,5045.571839903814
2062-06-11,62,6,4348.399652394183
2062-06-12,62,6,7143.944089325326
2062-06-13,62,6,5633.919022318011
2062-06-14,62,6,2974.8574133423926
2062-06-15,62,6,5186.454314769428
2062-06-16,62,6,4338.213535231612
2062-06-17,62,6,5852.433334796224
2062-06-18,62,6,4207.4792615673
2062-06-19,62,6,4885.263558533101
2062-06-20,62,6,5504.987278980457
2062-06-21,62,6,5865.755194170121
2062-06-22,62,6,3799.7035929442236
2062-06-23,62,6,4665.4987641590515
2062-06-24,62,6,4525.054688839044
2062-06-25,62,6,4346.670767426288
2062-06-26,62,6,6765.454240281097
2062-06-27,62,6,5404.981710960956
2062-06-28,62,6,3739.116045664955
2062-06-29,62,6,5917.8619470547765
2062-06-30,62,6,7122.156197012633
2062-07-01,62,7,6032.465260551147
2062-07-02,62,7,3480.6300340459866
2062-07-03,62,7,4515.765927133749
2062-07-04,62,7,6266.911149186622
2062-07-05,62,7,4292.330534381219
2062-07-06,62,7,5443.819428146228
2062-07-07,62,7,5774.634053429337
2062-07-08,62,7,4073.0695284219173
2062-07-09,62,7,4940.4746439382
2062-07-10,62,7,1758.7326599309276
2062-07-11,62,7,3975.6123586657104
2062-07-12,62,7,4747.43184860684
2062-07-13,62,7,3752.2168180351505
2062-07-14,62,7,6632.411303931635
2062-07-15,62,7,3569.858622039367
2062-07-16,62,7,4559.955513303016
2062-07-17,62,7,5130.740577286091
2062-07-18,62,7,6441.2732890661155
2062-07-19,62,7,3564.1378488205605
2062-07-20,62,7,6163.16375215496
2062-07-21,62,7,5010.233061019587
2062-07-22,62,7,4018.491348952049
2062-07-23,62,7,5462.103474263271
2062-07-24,62,7,5199.05969557347
2062-07-25,62,7,4399.783122841205
2062-07-26,62,7,5069.802084990019
2062-07-27,62,7,4614.68640313824
2062-07-28,62,7,5113.517345251248
2062-07-29,62,7,5662.130674521047
2062-07-30,62,7,6586.016816145352
2062-07-31,62,7,3762.184501173151
2062-08-01,62,8,7133.0333746562665
2062-08-02,62,8,3047.912200477498
2062-08-03,62,8,4848.214904964417
2062-08-04,62,8,5588.317206484577
2062-08-05,62,8,5280.991867735032
2062-08-06,62,8,4377.300480179406
2062-08-07,62,8,4791.877749642725
2062-08-08,62,8,4506.999065341167
2062-08-09,62,8,4410.635243055788
2062-08-10,62,8,5849.602097021025
2062-08-11,62,8,5357.015485965047
2062-08-12,62,8,4307.090404739346
2062-08-13,62,8,5899.59987543325
2062-08-14,62,8,5307.29952087661
2062-08-15,62,8,5812.86211883896
2062-08-16,62,8,5629.6288419236125
2062-08-17,62,8,4171.004989077927
2062-08-18,62,8,4439.81895980303
2062-08-19,62,8,5747.293605123262
2062-08-20,62,8,5610.370265433465
2062-08-21,62,8,4979.098406035851
2062-08-22,62,8,5117.327383308782
2062-08-23,62,8,6277.6648957884245
2062-08-24,62,8,4408.42861116417
2062-08-25,62,8,5547.097381170038
2062-08-26,62,8,4797.807347566106
2062-08-27,62,8,4782.31879677278
2062-08-28,62,8,6098.77685198719
2062-08-29,62,8,5825.41634898803
2062-08-30,62,8,5813.509636000638
2062-08-31,62,8,6305.478807154329
2062-09-01,62,9,5021.003841632759
2062-09-02,62,9,5681.952971294964
2062-09-03,62,9,4689.733243406544
2062-09-04,62,9,5324.1663524884425
2062-09-05,62,9,4869.856945632316
2062-09-06,62,9,5096.995964992718
2062-09-07,62,9,5595.1570254369135
2062-09-08,62,9,4181.779316766528
2062-09-09,62,9,7092.38727568546
2062-09-10,62,9,3993.982618500298
2062-09-11,62,9,3785.8113872122676
2062-09-12,62,9,6158.110873500068
2062-09-13,62,9,5791.662693962936
2062-09-14,62,9,5624.119817052155
2062-09-15,62,9,5628.34550926428
2062-09-16,62,9,4987.753227153085
2062-09-17,62,9,4102.745628514169
2062-09-18,62,9,5075.804558193727
2062-09-19,62,9,4322.838288487888
2062-09-20,62,9,5975.119733417751
2062-09-21,62,9,4852.942618497861
2062-09-22,62,9,4174.502803207489
2062-09-23,62,9,4678.614158347006
2062-09-24,62,9,5412.931454275625
2062-09-25,62,9,4436.275447196025
2062-09-26,62,9,4177.779604433568
2062-09-27,62,9,5243.687211491912
2062-09-28,62,9,5244.966571108723
2062-09-29,62,9,4493.05682462887
2062-09-30,62,9,4528.961694381677
2062-10-01,62,10,5232.049937357637
2062-10-02,62,10,3551.915658502676
2062-10-03,62,10,3592.536225623445
2062-10-04,62,10,4281.555778747564
2062-10-05,62,10,4786.552848288153
2062-10-06,62,10,5310.907565598005
2062-10-07,62,10,6475.356216949552
2062-10-08,62,10,5857.659623202019
2062-10-09,62,10,4840.061470036573
2062-10-10,62,10,4980.983792097311
2062-10-11,62,10,3997.4706353621914
2062-10-12,62,10,4981.48686400761
2062-10-13,62,10,4711.341361079862
2062-10-14,62,10,5322.718560338089
2062-10-15,62,10,4172.769056447677
2062-10-16,62,10,5519.346514241172
2062-10-17,62,10,6532.738913002578
2062-10-18,62,10,4891.239851543142
2062-10-19,62,10,5401.711722098941
2062-10-20,62,10,5690.143991711113
2062-10-21,62,10,4598.779528114163
2062-10-22,62,10,5224.092481810417
2062-10-23,62,10,5012.592400781795
2062-10-24,62,10,5097.676098548832
2062-10-25,62,10,4226.990216144533
2062-10-26,62,10,5024.510174258943
2062-10-27,62,10,5497.99829124545
2062-10-28,62,10,6451.143607795042
2062-10-29,62,10,5959.270826085207
2062-10-30,62,10,7153.182457511557
2062-10-31,62,10,4232.65243711195
2062-11-01,62,11,5872.3206367206785
2062-11-02,62,11,5183.342005738352
2062-11-03,62,11,7189.802933217672
2062-11-04,62,11,4191.701714644849
2062-11-05,62,11,4160.278157819224
2062-11-06,62,11,4400.6073545559775
2062-11-07,62,11,2876.104275690193
2062-11-08,62,11,4474.244978319239
2062-11-09,62,11,4240.867338446302
2062-11-10,62,11,5150.393786476207
2062-11-11,62,11,5341.75597577716
2062-11-12,62,11,6876.170839215886
2062-11-13,62,11,5950.4238381860505
2062-11-14,62,11,4423.096344337597
2062-11-15,62,11,4101.585328651642
2062-11-16,62,11,5491.919171506505
2062-11-17,62,11,3679.766792979358
2062-11-18,62,11,6831.458765854353
2062-11-19,62,11,6179.440120721287
2062-11-20,62,11,4530.824347895295
2062-11-21,62,11,3286.8654709091225
2062-11-22,62,11,6353.872374165413
2062-11-23,62,11,4885.460154747382
2062-11-24,62,11,6237.816311973462
2062-11-25,62,11,3405.572341205633
2062-11-26,62,11,4400.624977046227
2062-11-27,62,11,5005.243699718183
2062-11-28,62,11,5046.9805937647425
2062-11-29,62,11,4549.934528520756
2062-11-30,62,11,5622.849932347499
2062-12-01,62,12,3932.3795706174055
2062-12-02,62,12,4857.6205149787065
2062-12-03,62,12,5120.295631711899
2062-12-04,62,12,5514.438834058749
2062-12-05,62,12,5711.61487808889
2062-12-06,62,12,3875.357908162131
2062-12-07,62,12,3465.8858292643777
2062-12-08,62,12,6277.676821898509
2062-12-09,62,12,5332.314011979592
2062-12-10,62,12,4251.513463443446
2062-12-11,62,12,6551.151975522523
2062-12-12,62,12,5115.674634292859
2062-12-13,62,12,6179.2971840638265
2062-12-14,62,12,5067.5184814101085
2062-12-15,62,12,7060.747924881987
2062-12-16,62,12,6755.340842443205
2062-12-17,62,12,4751.035851520926
2062-12-18,62,12,5971.570950954356
2062-12-19,62,12,5645.375949585147
2062-12-20,62,12,6368.631557532349
2062-12-21,62,12,4035.0765394198957
2062-12-22,62,12,5686.051459998439
2062-12-23,62,12,6058.424486849588
2062-12-24,62,12,3241.2605135768854
2062-12-25,62,12,3816.741487334225
2062-12-26,62,12,2960.7678222398995
2062-12-27,62,12,4730.593165555442
2062-12-28,62,12,5717.542255795963
2062-12-29,62,12,6502.357052096028
2062-12-30,62,12,5074.094780419775
2062-12-31,62,12,6628.615545571292
2063-01-01,63,1,3619.8985417851086
2063-01-02,63,1,3296.617560644845
2063-01-03,63,1,4944.452301103382
2063-01-04,63,1,5384.065448939307
2063-01-05,63,1,4967.3052519059065
2063-01-06,63,1,2932.5578999601235
2063-01-07,63,1,4910.879960487212
2063-01-08,63,1,3695.5304994951466
2063-01-09,63,1,5669.672548830038
2063-01-10,63,1,5366.598246096848
2063-01-11,63,1,4060.1202136726447
2063-01-12,63,1,4486.133082663307
2063-01-13,63,1,3940.7864781110484
2063-01-14,63,1,4937.3209027268285
2063-01-15,63,1,5955.142320501238
2063-01-16,63,1,4014.2739536644563
2063-01-17,63,1,5504.046515517844
2063-01-18,63,1,4469.74238162756
2063-01-19,63,1,4207.127167737655
2063-01-20,63,1,4892.969640045442
2063-01-21,63,1,3964.757677580626
2063-01-22,63,1,4446.350694652818
2063-01-23,63,1,3802.122107411152
2063-01-24,63,1,6964.725132916389
2063-01-25,63,1,5035.263551971729
2063-01-26,63,1,4300.274492007415
2063-01-27,63,1,5213.979910734222
2063-01-28,63,1,4887.67195030917
2063-01-29,63,1,4779.030400466777
2063-01-30,63,1,5614.166700043425
2063-01-31,63,1,5757.507710047305
2063-02-01,63,2,4469.498852389473
2063-02-02,63,2,4424.18175935532
2063-02-03,63,2,4724.9483028483555
2063-02-04,63,2,2698.0788352644154
2063-02-05,63,2,3484.8089378014474
2063-02-06,63,2,6366.874267444525
2063-02-07,63,2,6644.9677135012835
2063-02-08,63,2,4750.9639604436215
2063-02-09,63,2,5576.556963055767
2063-02-10,63,2,5311.250154543536
2063-02-11,63,2,8078.880808455238
2063-02-12,63,2,6119.574911434576
2063-02-13,63,2,4872.0824085192335
2063-02-14,63,2,4044.459559399574
2063-02-15,63,2,3393.5536797424274
2063-02-16,63,2,5203.463635867223
2063-02-17,63,2,4243.649254715697
2063-02-18,63,2,3577.746290402326
2063-02-19,63,2,4353.427115757473
2063-02-20,63,2,3918.451996385605
2063-02-21,63,2,6687.141635072565
2063-02-22,63,2,5881.63975694945
2063-02-23,63,2,4992.027358683383
2063-02-24,63,2,6479.944138890026
2063-02-25,63,2,5077.368307647618
2063-02-26,63,2,4138.715798671737
2063-02-27,63,2,6523.124077269657
2063-02-28,63,2,5538.910043684658
2063-03-01,63,3,3962.7538456735438
2063-03-02,63,3,4809.661321916392
2063-03-03,63,3,4124.381746615243
2063-03-04,63,3,3617.200269035664
2063-03-05,63,3,5926.177547531642
2063-03-06,63,3,6909.41664047013
2063-03-07,63,3,3601.432426180859
2063-03-08,63,3,5562.969236690571
2063-03-09,63,3,4349.357430878174
2063-03-10,63,3,4512.874616235304
2063-03-11,63,3,4407.60607576113
2063-03-12,63,3,4136.009230320184
2063-03-13,63,3,5048.521627944827
2063-03-14,63,3,4169.049883588962
2063-03-15,63,3,5270.456825779839
2063-03-16,63,3,4949.761890550863
2063-03-17,63,3,4761.05195313359
2063-03-18,63,3,4092.436337958402
2063-03-19,63,3,4423.228669431667
2063-03-20,63,3,5755.391225825756
2063-03-21,63,3,5500.917187624381
2063-03-22,63,3,4022.444755201449
2063-03-23,63,3,5099.332305429226
2063-03-24,63,3,5751.387123371789
2063-03-25,63,3,3330.5947188786286
2063-03-26,63,3,5543.360192379935
2063-03-27,63,3,4337.376241054153
2063-03-28,63,3,5570.598668593159
2063-03-29,63,3,4236.740843457483
2063-03-30,63,3,3195.117899335481
2063-03-31,63,3,3372.4575621168374
2063-04-01,63,4,5048.084946661382
2063-04-02,63,4,5259.722501721482
2063-04-03,63,4,4095.6833748955914
2063-04-04,63,4,5638.592458777374
2063-04-05,63,4,3338.47993773104
2063-04-06,63,4,4933.920201352684
2063-04-07,63,4,3788.9838002375436
2063-04-08,63,4,4348.163892197841
2063-04-09,63,4,5047.398671316414
2063-04-10,63,4,4139.586634716047
2063-04-11,63,4,4615.4444557701745
2063-04-12,63,4,6006.29280921444
2063-04-13,63,4,4423.108130476851
2063-04-14,63,4,5835.692112065142
2063-04-15,63,4,3870.2931453423816
2063-04-16,63,4,5529.804177915283
2063-04-17,63,4,6441.5686206579
2063-04-18,63,4,2528.355499872711
2063-04-19,63,4,4203.1047445295235
2063-04-20,63,4,5577.07212718054
2063-04-21,63,4,4796.9546139570075
2063-04-22,63,4,5371.145873371309
2063-04-23,63,4,4396.01481328418
2063-04-24,63,4,5086.5897874729
2063-04-25,63,4,4844.32276460792
2063-04-26,63,4,6167.782061659807
2063-04-27,63,4,5254.420843301213
2063-04-28,63,4,5337.602662075202
2063-04-29,63,4,4588.123033877533
2063-04-30,63,4,4512.393775927507
2063-05-01,63,5,4567.441812180379
2063-05-02,63,5,5394.452142378297
2063-05-03,63,5,4579.015519179737
2063-05-04,63,5,5289.7748568964125
2063-05-05,63,5,7075.400798645439
2063-05-06,63,5,5871.124703431692
2063-05-07,63,5,4673.976467832159
2063-05-08,63,5,6201.2139221639445
2063-05-09,63,5,4591.924626978449
2063-05-10,63,5,2961.875464822146
2063-05-11,63,5,3991.9136890825957
2063-05-12,63,5,3129.2080789741444
2063-05-13,63,5,4648.486515958692
2063-05-14,63,5,5018.418379189552
2063-05-15,63,5,6676.437312275282
2063-05-16,63,5,5326.927373764162
2063-05-17,63,5,4780.8994711911355
2063-05-18,63,5,5829.40558118349
2063-05-19,63,5,2788.864690992115
2063-05-20,63,5,5235.614558108566
2063-05-21,63,5,5770.865193886967
2063-05-22,63,5,3521.4137542201584
2063-05-23,63,5,6143.754043206929
2063-05-24,63,5,5338.496407494415
2063-05-25,63,5,4584.712086099199
2063-05-26,63,5,5632.781866106285
2063-05-27,63,5,7270.692857804395
2063-05-28,63,5,5181.866255058495
2063-05-29,63,5,5248.220586300336
2063-05-30,63,5,4540.639100459756
2063-05-31,63,5,4150.155630535208
2063-06-01,63,6,5830.335816544246
2063-06-02,63,6,4143.916174091133
2063-06-03,63,6,5071.566237219393
2063-06-04,63,6,4522.342553234883
2063-06-05,63,6,5478.979825746392
2063-06-06,63,6,5333.662105286949
2063-06-07,63,6,6037.539944257899
2063-06-08,63,6,4489.983601145253
2063-06-09,63,6,4730.125064706629
2063-06-10,63,6,4021.2362842176926
2063-06-11,63,6,4555.706739923889
2063-06-12,63,6,5377.300493044852
2063-06-13,63,6,5756.988616645352
2063-06-14,63,6,4077.8346758223747
2063-06-15,63,6,5869.6059201056605
2063-06-16,63,6,6355.637858804951
2063-06-17,63,6,5413.4349032237005
2063-06-18,63,6,6876.795812558066
2063-06-19,63,6,4226.210800896427
2063-06-20,63,6,3755.345296688583
2063-06-21,63,6,3221.2797510957216
2063-06-22,63,6,6496.044311489183
2063-06-23,63,6,5654.365656354058
2063-06-24,63,6,4944.415329089545
2063-06-25,63,6,5279.96862631982
2063-06-26,63,6,3874.5109527016234
2063-06-27,63,6,7445.751979616826
2063-06-28,63,6,5129.221181975227
2063-06-29,63,6,5109.394794604893
2063-06-30,63,6,5725.766623898692
2063-07-01,63,7,5481.009231736713
2063-07-02,63,7,5223.884024279131
2063-07-03,63,7,4209.525544554688
2063-07-04,63,7,5471.468357135996
2063-07-05,63,7,6882.024496475034
2063-07-06,63,7,6345.420046154977
2063-07-07,63,7,6593.186626639397
2063-07-08,63,7,4488.784323568815
2063-07-09,63,7,4010.3951797414193
2063-07-10,63,7,4874.213079900352
2063-07-11,63,7,5055.724912288694
2063-07-12,63,7,6094.191518470949
2063-07-13,63,7,3307.5353702851808
2063-07-14,63,7,6529.5503194606135
2063-07-15,63,7,4841.99210142101
2063-07-16,63,7,4573.11893005258
2063-07-17,63,7,3987.895624739833
2063-07-18,63,7,3345.1433281342306
2063-07-19,63,7,5823.170583961914
2063-07-20,63,7,5073.317967188404
2063-07-21,63,7,3710.039100258946
2063-07-22,63,7,3704.9212279363837
2063-07-23,63,7,4664.215300709871
2063-07-24,63,7,6669.021525289393
2063-07-25,63,7,4740.408648636395
2063-07-26,63,7,3496.857046881894
2063-07-27,63,7,4754.256935914055
2063-07-28,63,7,4727.276430252329
2063-07-29,63,7,2303.1133570584284
2063-07-30,63,7,4945.705133482188
2063-07-31,63,7,4769.065469791322
2063-08-01,63,8,5696.206364813418
2063-08-02,63,8,6848.956094945345
2063-08-03,63,8,6126.565029547757
2063-08-04,63,8,4731.111309445169
2063-08-05,63,8,3893.4740912583297
2063-08-06,63,8,7573.35980324986
2063-08-07,63,8,5059.218434014489
2063-08-08,63,8,5013.929291912947
2063-08-09,63,8,4975.874912889996
2063-08-10,63,8,5198.084760767855
2063-08-11,63,8,4855.639588076057
2063-08-12,63,8,4426.337993119763
2063-08-13,63,8,4453.141058759607
2063-08-14,63,8,4967.246729784001
2063-08-15,63,8,4456.575228866235
2063-08-16,63,8,4287.154217322835
2063-08-17,63,8,5106.430227691897
2063-08-18,63,8,4745.022782579144
2063-08-19,63,8,6503.992988582689
2063-08-20,63,8,2349.030191606988
2063-08-21,63,8,6091.5068519224615
2063-08-22,63,8,6246.085192497629
2063-08-23,63,8,2926.6097675918504
2063-08-24,63,8,4657.312405919652
2063-08-25,63,8,4628.559134004208
2063-08-26,63,8,3592.4883052821788
2063-08-27,63,8,4222.1833124091245
2063-08-28,63,8,3889.424154534171
2063-08-29,63,8,6752.270443423623
2063-08-30,63,8,5935.678393147461
2063-08-31,63,8,6271.555094994159
2063-09-01,63,9,5721.672064043235
2063-09-02,63,9,3870.9482287827705
2063-09-03,63,9,4475.479733720226
2063-09-04,63,9,5489.374561227918
2063-09-05,63,9,3777.8721911080547
2063-09-06,63,9,5712.998430172388
2063-09-07,63,9,4759.674601841865
2063-09-08,63,9,4625.179192450402
2063-09-09,63,9,5710.959968203491
2063-09-10,63,9,5444.26331148604
2063-09-11,63,9,4639.03383418092
2063-09-12,63,9,6159.329803364248
2063-09-13,63,9,3918.936672400103
2063-09-14,63,9,5615.935606944264
2063-09-15,63,9,5593.101257968384
2063-09-16,63,9,4690.45356068601
2063-09-17,63,9,5326.133022242118
2063-09-18,63,9,3748.8864236146974
2063-09-19,63,9,5924.027019206901
2063-09-20,63,9,4815.097863557011
2063-09-21,63,9,4477.27697948096
2063-09-22,63,9,6049.0092258368895
2063-09-23,63,9,4295.656309457241
2063-09-24,63,9,3591.53870363644
2063-09-25,63,9,3443.370826476096
2063-09-26,63,9,5606.00995134564
2063-09-27,63,9,3719.570647503717
2063-09-28,63,9,6754.7941819843645
2063-09-29,63,9,2918.070592116278
2063-09-30,63,9,6696.456368290038
2063-10-01,63,10,5211.017467202619
2063-10-02,63,10,4903.286888129607
2063-10-03,63,10,4455.08091319105
2063-10-04,63,10,5399.136114352071
2063-10-05,63,10,4962.365297575152
2063-10-06,63,10,6103.301882016522
2063-10-07,63,10,5114.227648662039
2063-10-08,63,10,5150.3017614618775
2063-10-09,63,10,4636.387787786144
2063-10-10,63,10,4943.054376278933
2063-10-11,63,10,5307.801768892059
2063-10-12,63,10,3289.8316073433743
2063-10-13,63,10,3651.814577894287
2063-10-14,63,10,5743.264094022715
2063-10-15,63,10,5170.865438127942
2063-10-16,63,10,4816.0166636473205
2063-10-17,63,10,5018.433933065393
2063-10-18,63,10,5347.581705361671
2063-10-19,63,10,4460.240319690638
2063-10-20,63,10,4221.695274597687
2063-10-21,63,10,5195.845255097682
2063-10-22,63,10,4021.627222384968
2063-10-23,63,10,5408.252755714472
2063-10-24,63,10,3297.4163957621595
2063-10-25,63,10,6029.1556373256435
2063-10-26,63,10,5472.597482413043
2063-10-27,63,10,5256.029734313875
2063-10-28,63,10,5982.690983945514
2063-10-29,63,10,6665.474444462577
2063-10-30,63,10,6014.370065018131
2063-10-31,63,10,3159.125768668355
2063-11-01,63,11,3720.4230332642983
2063-11-02,63,11,4375.181422304321
2063-11-03,63,11,5026.091050210834
2063-11-04,63,11,5517.659020469123
2063-11-05,63,11,4274.256186846535
2063-11-06,63,11,5186.766764477078
2063-11-07,63,11,4244.617067646677
2063-11-08,63,11,4388.482197008052
2063-11-09,63,11,3593.3389031517777
2063-11-10,63,11,4076.7667538890955
2063-11-11,63,11,3648.3153943836664
2063-11-12,63,11,4024.126747022667
2063-11-13,63,11,6053.64179660784
2063-11-14,63,11,4050.601111168057
2063-11-15,63,11,7632.382064837391
2063-11-16,63,11,5493.317900880889
2063-11-17,63,11,5184.836123694874
2063-11-18,63,11,4141.6422198187865
2063-11-19,63,11,5700.309879408991
2063-11-20,63,11,4424.362173762226
2063-11-21,63,11,5122.009814645361
2063-11-22,63,11,7560.084538268795
2063-11-23,63,11,4903.94010027535
2063-11-24,63,11,6149.2733262856755
2063-11-25,63,11,4296.823574874113
2063-11-26,63,11,4965.011509503039
2063-11-27,63,11,6770.80063563551
2063-11-28,63,11,4373.032942212232
2063-11-29,63,11,6812.448557996929
2063-11-30,63,11,5707.751935455475
2063-12-01,63,12,4437.533224105732
2063-12-02,63,12,5632.407739055521
2063-12-03,63,12,5972.55444962673
2063-12-04,63,12,5621.809962217197
2063-12-05,63,12,3429.7752801095435
2063-12-06,63,12,4272.862824175131
2063-12-07,63,12,4752.481364448495
2063-12-08,63,12,4925.566570899954
2063-12-09,63,12,5620.672097550678
2063-12-10,63,12,5177.701000933253
2063-12-11,63,12,3664.655641289899
2063-12-12,63,12,5380.1978510059635
2063-12-13,63,12,5610.585745283823
2063-12-14,63,12,5559.79044793104
2063-12-15,63,12,6080.780725554621
2063-12-16,63,12,5833.922154548904
2063-12-17,63,12,5459.180079228437
2063-12-18,63,12,4929.834288541353
2063-12-19,63,12,3339.039066484009
2063-12-20,63,12,5429.618219132586
2063-12-21,63,12,5207.687687163111
2063-12-22,63,12,5271.578837195373
2063-12-23,63,12,3723.2514241796907
2063-12-24,63,12,3918.9434595917373
2063-12-25,63,12,6053.152853332904
2063-12-26,63,12,4960.444846143345
2063-12-27,63,12,5681.500697372625
2063-12-28,63,12,5028.318376130461
2063-12-29,63,12,5029.756139495746
2063-12-30,63,12,5938.283805975998
2063-12-31,63,12,4483.955271782626
2064-01-01,64,1,5096.120776940983
2064-01-02,64,1,4537.724711294957
2064-01-03,64,1,4565.503772567685
2064-01-04,64,1,4690.827876531361
2064-01-05,64,1,5222.133771633713
2064-01-06,64,1,4521.251378336523
2064-01-07,64,1,6255.756125573521
2064-01-08,64,1,4105.392697780496
2064-01-09,64,1,4813.128355838641
2064-01-10,64,1,4560.268941725825
2064-01-11,64,1,6446.977884353733
2064-01-12,64,1,5196.554776511574
2064-01-13,64,1,6031.844539468635
2064-01-14,64,1,3514.439626963028
2064-01-15,64,1,5267.0502658692585
2064-01-16,64,1,5889.630795623437
2064-01-17,64,1,5082.283989275425
2064-01-18,64,1,6065.480375065351
2064-01-19,64,1,4482.711549899628
2064-01-20,64,1,6409.34744018558
2064-01-21,64,1,7298.89812361925
2064-01-22,64,1,4637.161439560341
2064-01-23,64,1,4554.497478599228
2064-01-24,64,1,6453.384477117701
2064-01-25,64,1,6579.572145730713
2064-01-26,64,1,4477.139972846731
2064-01-27,64,1,4579.813182904143
2064-01-28,64,1,4718.215391139493
2064-01-29,64,1,3655.549488965723
2064-01-30,64,1,4081.348053515802
2064-01-31,64,1,3995.859233247932
2064-02-01,64,2,4232.202434895871
2064-02-02,64,2,4965.315112613219
2064-02-03,64,2,5234.21473253652
2064-02-04,64,2,6550.500492814077
2064-02-05,64,2,4001.645959261209
2064-02-06,64,2,5984.322398476584
2064-02-07,64,2,4786.011155774491
2064-02-08,64,2,4950.536290347567
2064-02-09,64,2,5674.819492166604
2064-02-10,64,2,3877.2779784377017
2064-02-11,64,2,5382.40974618405
2064-02-12,64,2,5166.452208213056
2064-02-13,64,2,5492.451264008149
2064-02-14,64,2,5289.1686439078185
2064-02-15,64,2,7455.300139910894
2064-02-16,64,2,4362.260015748684
2064-02-17,64,2,4469.003044998182
2064-02-18,64,2,4376.859473575236
2064-02-19,64,2,4444.522880839745
2064-02-20,64,2,4362.612872693482
2064-02-21,64,2,6189.016531107552
2064-02-22,64,2,6420.504247989855
2064-02-23,64,2,4429.2537062505235
2064-02-24,64,2,4167.644426895771
2064-02-25,64,2,5471.415556386404
2064-02-26,64,2,4447.776955719029
2064-02-27,64,2,5632.931817755511
2064-02-28,64,2,5202.9230208513
2064-02-29,64,2,3484.255885002768
2064-03-01,64,3,6547.505201330062
2064-03-02,64,3,6795.8776730955215
2064-03-03,64,3,4387.211309515614
2064-03-04,64,3,4612.298440064016
2064-03-05,64,3,5285.8653907249045
2064-03-06,64,3,5334.456789987025
2064-03-07,64,3,5658.544272672831
2064-03-08,64,3,7010.204538766349
2064-03-09,64,3,4823.052772505951
2064-03-10,64,3,4201.702755461546
2064-03-11,64,3,3620.680771985473
2064-03-12,64,3,4269.069960058081
2064-03-13,64,3,4966.873027126203
2064-03-14,64,3,6794.557863517788
2064-03-15,64,3,4482.388700963828
2064-03-16,64,3,5223.787951638898
2064-03-17,64,3,4983.577103927248
2064-03-18,64,3,6188.393273448084
2064-03-19,64,3,7526.9324258736215
2064-03-20,64,3,4469.131227079679
2064-03-21,64,3,4510.560557481778
2064-03-22,64,3,6044.160877069072
2064-03-23,64,3,5681.891489626311
2064-03-24,64,3,6846.707325736033
2064-03-25,64,3,5583.928185325964
2064-03-26,64,3,4640.707909212941
2064-03-27,64,3,5590.65483069231
2064-03-28,64,3,6108.703580582907
2064-03-29,64,3,5820.482181197364
2064-03-30,64,3,5507.274031107298
2064-03-31,64,3,6066.674689589154
2064-04-01,64,4,6169.295590445673
2064-04-02,64,4,6382.158991037527
2064-04-03,64,4,5648.709887589643
2064-04-04,64,4,4832.8819196831455
2064-04-05,64,4,5146.713686433322
2064-04-06,64,4,6206.508966508357
2064-04-07,64,4,4183.064329012764
2064-04-08,64,4,5368.6733088729015
2064-04-09,64,4,4606.661187672639
2064-04-10,64,4,5028.744822934817
2064-04-11,64,4,6278.451862607299
2064-04-12,64,4,5191.099068019903
2064-04-13,64,4,5046.436548156149
2064-04-14,64,4,3640.1438590200805
2064-04-15,64,4,5746.253566027221
2064-04-16,64,4,5645.484181141075
2064-04-17,64,4,7163.25472330546
2064-04-18,64,4,4692.221765046999
2064-04-19,64,4,5219.150327663939
2064-04-20,64,4,5249.383683710756
2064-04-21,64,4,6577.453279763475
2064-04-22,64,4,4904.704467613048
2064-04-23,64,4,5279.021525770339
2064-04-24,64,4,5607.896509716539
2064-04-25,64,4,5186.609123156358
2064-04-26,64,4,4553.566385449471
2064-04-27,64,4,5194.089992898307
2064-04-28,64,4,6073.631749859772
2064-04-29,64,4,3973.4847005889396
2064-04-30,64,4,5132.969674146876
2064-05-01,64,5,4299.879185060827
2064-05-02,64,5,6195.0466289248425
2064-05-03,64,5,3476.8130952162255
2064-05-04,64,5,4441.078152728412
2064-05-05,64,5,5377.21187506452
2064-05-06,64,5,6565.524029234341
2064-05-07,64,5,4934.249738927012
2064-05-08,64,5,4444.800473306802
2064-05-09,64,5,6881.15706944059
2064-05-10,64,5,3551.986099583756
2064-05-11,64,5,2801.194043379918
2064-05-12,64,5,5440.014450053332
2064-05-13,64,5,4497.9457756473885
2064-05-14,64,5,3978.767182869287
2064-05-15,64,5,5708.356447299353
2064-05-16,64,5,5243.800713771199
2064-05-17,64,5,4435.921369263272
2064-05-18,64,5,3719.6956013291056
2064-05-19,64,5,5872.457328280145
2064-05-20,64,5,5650.201177958661
2064-05-21,64,5,4900.824136220617
2064-05-22,64,5,6846.636996047666
2064-05-23,64,5,3929.9152336738475
2064-05-24,64,5,3474.4748290752614
2064-05-25,64,5,4308.091930118756
2064-05-26,64,5,4954.413983644502
2064-05-27,64,5,5243.3394493226915
2064-05-28,64,5,4758.76394214367
2064-05-29,64,5,5352.055396514297
2064-05-30,64,5,3748.460575809556
2064-05-31,64,5,6443.76460407326
2064-06-01,64,6,4917.848821607431
2064-06-02,64,6,6117.295831588128
2064-06-03,64,6,5342.725346377704
2064-06-04,64,6,5456.753219153784
2064-06-05,64,6,5569.767280232204
2064-06-06,64,6,5447.708560017315
2064-06-07,64,6,5642.722759867544
2064-06-08,64,6,6329.152530132431
2064-06-09,64,6,5196.52116970147
2064-06-10,64,6,5709.003757588513
2064-06-11,64,6,4910.264305712773
2064-06-12,64,6,6440.1172154494725
2064-06-13,64,6,4323.60769794073
2064-06-14,64,6,6800.940432910816
2064-06-15,64,6,4959.842049355657
2064-06-16,64,6,3569.2248978819516
2064-06-17,64,6,5128.104414910789
2064-06-18,64,6,4318.948342525119
2064-06-19,64,6,5840.643548988724
2064-06-20,64,6,4347.376020697609
2064-06-21,64,6,4553.81656678522
2064-06-22,64,6,3110.4592690544687
2064-06-23,64,6,4547.693680750924
2064-06-24,64,6,2576.1206733710433
2064-06-25,64,6,3416.0971765142767
2064-06-26,64,6,5760.414656144298
2064-06-27,64,6,5785.800158650833
2064-06-28,64,6,5425.457561784965
2064-06-29,64,6,4033.023856870787
2064-06-30,64,6,4952.28864385802
2064-07-01,64,7,4996.397460909431
2064-07-02,64,7,3841.6353108074572
2064-07-03,64,7,6503.398301767151
2064-07-04,64,7,5877.362290575671
2064-07-05,64,7,4779.035826170336
2064-07-06,64,7,5026.885838994531
2064-07-07,64,7,5208.3828079475525
2064-07-08,64,7,2958.2651315757093
2064-07-09,64,7,4752.822617479403
2064-07-10,64,7,4318.015752002201
2064-07-11,64,7,3998.3799901050843
2064-07-12,64,7,4718.899707114045
2064-07-13,64,7,6797.686526849522
2064-07-14,64,7,5640.8428612670095
2064-07-15,64,7,4428.821010217203
2064-07-16,64,7,5572.582781356158
2064-07-17,64,7,6399.355436586002
2064-07-18,64,7,5924.633682912769
2064-07-19,64,7,5059.630369920174
2064-07-20,64,7,4353.063222294426
2064-07-21,64,7,5698.22331361359
2064-07-22,64,7,5393.48538542175
2064-07-23,64,7,5895.193220027732
2064-07-24,64,7,5635.17180168197
2064-07-25,64,7,6049.552715319335
2064-07-26,64,7,4464.764788439432
2064-07-27,64,7,6317.394065634326
2064-07-28,64,7,5197.599604692399
2064-07-29,64,7,7075.260872625266
2064-07-30,64,7,4310.812181910433
2064-07-31,64,7,6735.963803165249
2064-08-01,64,8,5197.9107834626475
2064-08-02,64,8,4348.581996385552
2064-08-03,64,8,4516.114165945679
2064-08-04,64,8,4679.65269180568
2064-08-05,64,8,5424.165946401917
2064-08-06,64,8,5522.8354880355
2064-08-07,64,8,4426.299996061421
2064-08-08,64,8,4975.645407739017
2064-08-09,64,8,7142.270358611864
2064-08-10,64,8,6727.543170100711
2064-08-11,64,8,5436.323669674032
2064-08-12,64,8,5038.003478168201
2064-08-13,64,8,5120.031326718261
2064-08-14,64,8,5613.517972730417
2064-08-15,64,8,3977.2074348015944
2064-08-16,64,8,4742.623462576655
2064-08-17,64,8,3331.4159261224104
2064-08-18,64,8,5399.223122605279
2064-08-19,64,8,5647.195939702741
2064-08-20,64,8,4516.813537700626
2064-08-21,64,8,6573.986763290033
2064-08-22,64,8,3774.234336997659
2064-08-23,64,8,3535.6251197901797
2064-08-24,64,8,5224.451818559972
2064-08-25,64,8,6047.098302612155
2064-08-26,64,8,6683.927691457869
2064-08-27,64,8,4541.11573713106
2064-08-28,64,8,6078.6808334312955
2064-08-29,64,8,4961.491530499293
2064-08-30,64,8,4827.372700059181
2064-08-31,64,8,5883.659937486673
2064-09-01,64,9,5652.32287841342
2064-09-02,64,9,3423.6078430157504
2064-09-03,64,9,6476.540349725896
2064-09-04,64,9,6380.091354147451
2064-09-05,64,9,4374.43729849047
2064-09-06,64,9,5395.803533437409
2064-09-07,64,9,5494.030186282739
2064-09-08,64,9,5260.673765823907
2064-09-09,64,9,4449.69484615458
2064-09-10,64,9,4328.376632061949
2064-09-11,64,9,4974.445929008555
2064-09-12,64,9,6172.729019259365
2064-09-13,64,9,5543.600154594433
2064-09-14,64,9,4629.385667913894
2064-09-15,64,9,5771.698710648345
2064-09-16,64,9,2151.4573793699246
2064-09-17,64,9,6148.765700372103
2064-09-18,64,9,3260.2862212219006
2064-09-19,64,9,4637.5590585968675
2064-09-20,64,9,3880.330105373856
2064-09-21,64,9,3705.318524279094
2064-09-22,64,9,6160.826787378519
2064-09-23,64,9,4532.298798688109
2064-09-24,64,9,5346.503881730716
2064-09-25,64,9,4953.079421120816
2064-09-26,64,9,5477.040827223122
2064-09-27,64,9,5076.821891060255
2064-09-28,64,9,3717.0077758114303
2064-09-29,64,9,5996.26681944714
2064-09-30,64,9,4506.243416838687
2064-10-01,64,10,3443.418101340249
2064-10-02,64,10,4571.884839034087
2064-10-03,64,10,6500.759790634311
2064-10-04,64,10,5850.221742113493
2064-10-05,64,10,4651.347865592141
2064-10-06,64,10,4650.742295681571
2064-10-07,64,10,4678.364948782617
2064-10-08,64,10,7076.747983560841
2064-10-09,64,10,5381.935452231553
2064-10-10,64,10,5430.041647191069
2064-10-11,64,10,6030.283454031842
2064-10-12,64,10,5238.7891590265135
2064-10-13,64,10,4740.957854179297
2064-10-14,64,10,4803.650150915022
2064-10-15,64,10,4928.398740585936
2064-10-16,64,10,4962.777763490159
2064-10-17,64,10,5727.62954363698
2064-10-18,64,10,5051.945885807299
2064-10-19,64,10,5732.640077215579
2064-10-20,64,10,4919.283419891418
2064-10-21,64,10,5078.63519031609
2064-10-22,64,10,3001.7993154678925
2064-10-23,64,10,5916.327674702481
2064-10-24,64,10,5346.488475897992
2064-10-25,64,10,5998.010109859652
2064-10-26,64,10,2103.7446218063105
2064-10-27,64,10,7088.374704780727
2064-10-28,64,10,4860.410371844826
2064-10-29,64,10,6108.182816737517
2064-10-30,64,10,3960.094072874469
2064-10-31,64,10,5612.77390506257
2064-11-01,64,11,3946.584436826344
2064-11-02,64,11,4376.231039304195
2064-11-03,64,11,6914.031353866786
2064-11-04,64,11,4809.317599236653
2064-11-05,64,11,5217.432873179723
2064-11-06,64,11,5870.067730688754
2064-11-07,64,11,5495.681887972604
2064-11-08,64,11,5150.418905143576
2064-11-09,64,11,5364.961002466225
2064-11-10,64,11,7403.4155852382755
2064-11-11,64,11,4942.381202966415
2064-11-12,64,11,5201.099046714968
2064-11-13,64,11,6050.654396007612
2064-11-14,64,11,6105.525932957984
2064-11-15,64,11,6187.03030556038
2064-11-16,64,11,5638.730222029185
2064-11-17,64,11,3856.9950872695163
2064-11-18,64,11,6633.431532301096
2064-11-19,64,11,3853.654606981312
2064-11-20,64,11,5302.635465239033
2064-11-21,64,11,4245.724149980642
2064-11-22,64,11,4935.861653407008
2064-11-23,64,11,5328.7624103034805
2064-11-24,64,11,5321.357215450273
2064-11-25,64,11,5421.920754235285
2064-11-26,64,11,6613.711269058647
2064-11-27,64,11,5453.53430151398
2064-11-28,64,11,4755.843364709352
2064-11-29,64,11,5964.087168288357
2064-11-30,64,11,6189.47048892464
2064-12-01,64,12,3772.3921848630075
2064-12-02,64,12,5597.4000698498585
2064-12-03,64,12,5701.172742310899
2064-12-04,64,12,4702.436496640008
2064-12-05,64,12,6375.706813311619
2064-12-06,64,12,4849.944412967473
2064-12-07,64,12,5125.576453471543
2064-12-08,64,12,4826.928175716131
2064-12-09,64,12,5015.579047581467
2064-12-10,64,12,3903.7249131047984
2064-12-11,64,12,3559.9491174057057
2064-12-12,64,12,6594.505063224972
2064-12-13,64,12,4153.0386516816725
2064-12-14,64,12,4008.6076505436927
2064-12-15,64,12,2846.609886396285
2064-12-16,64,12,4361.038252310498
2064-12-17,64,12,3676.9102065925017
2064-12-18,64,12,6642.015160136369
2064-12-19,64,12,6009.817089342634
2064-12-20,64,12,4311.8496548222765
2064-12-21,64,12,7252.435805344308
2064-12-22,64,12,5981.765486991594
2064-12-23,64,12,4675.168616491377
2064-12-24,64,12,2500.5942851264267
2064-12-25,64,12,7290.942572590742
2064-12-26,64,12,3610.427533236404
2064-12-27,64,12,3354.601253043108
2064-12-28,64,12,6022.57043200964
2064-12-29,64,12,7439.752406339273
2064-12-30,64,12,6384.272818510518
2064-12-31,64,12,5563.90912005236
